-- item

INSERT INTO item("id", "name", "price", "sell_price") VALUES(0, '', null, null);
INSERT INTO item("id", "name", "price", "sell_price") VALUES(1, 'Potion', 100, 50);
INSERT INTO item("id", "name", "price", "sell_price") VALUES(2, 'Potion+', null, 100);
INSERT INTO item("id", "name", "price", "sell_price") VALUES(3, 'Hi-Potion', 500, 250);
INSERT INTO item("id", "name", "price", "sell_price") VALUES(4, 'Hi-Potion+', null, 500);
INSERT INTO item("id", "name", "price", "sell_price") VALUES(5, 'X-Potion', 5000, 2500);
INSERT INTO item("id", "name", "price", "sell_price") VALUES(6, 'Mega-Potion', 10000, 5000);
INSERT INTO item("id", "name", "price", "sell_price") VALUES(7, 'Phoenix Down', 500, 250);
INSERT INTO item("id", "name", "price", "sell_price") VALUES(8, 'Mega Phoenix', 10000, 5000);
INSERT INTO item("id", "name", "price", "sell_price") VALUES(9, 'Elixir', 50000, 2500);
INSERT INTO item("id", "name", "price", "sell_price") VALUES(10, 'Megalixir', null, 5000);
INSERT INTO item("id", "name", "price", "sell_price") VALUES(11, 'Antidote', 100, 50);
INSERT INTO item("id", "name", "price", "sell_price") VALUES(12, 'Soft', 100, 50);
INSERT INTO item("id", "name", "price", "sell_price") VALUES(13, 'Eye Drops', 100, 50);
INSERT INTO item("id", "name", "price", "sell_price") VALUES(14, 'Echo Screen', 100, 50);
INSERT INTO item("id", "name", "price", "sell_price") VALUES(15, 'Holy Water', 100, 50);
INSERT INTO item("id", "name", "price", "sell_price") VALUES(16, 'Remedy', 1000, 500);
INSERT INTO item("id", "name", "price", "sell_price") VALUES(17, 'Remedy+', null, 1000);
INSERT INTO item("id", "name", "price", "sell_price") VALUES(18, 'Hero-trial', null, 5);
INSERT INTO item("id", "name", "price", "sell_price") VALUES(19, 'Hero', null, 5000);
INSERT INTO item("id", "name", "price", "sell_price") VALUES(20, 'Holy War-trial', null, 5);
INSERT INTO item("id", "name", "price", "sell_price") VALUES(21, 'Holy War', null, 10000);
INSERT INTO item("id", "name", "price", "sell_price") VALUES(22, 'Shell Stone', null, 5);
INSERT INTO item("id", "name", "price", "sell_price") VALUES(23, 'Protect Stone', null, 5);
INSERT INTO item("id", "name", "price", "sell_price") VALUES(24, 'Aura Stone', null, 5);
INSERT INTO item("id", "name", "price", "sell_price") VALUES(25, 'Death Stone', null, 5);
INSERT INTO item("id", "name", "price", "sell_price") VALUES(26, 'Holy Stone', null, 5);
INSERT INTO item("id", "name", "price", "sell_price") VALUES(27, 'Flare Stone', null, 5);
INSERT INTO item("id", "name", "price", "sell_price") VALUES(28, 'Meteor Stone', null, 5);
INSERT INTO item("id", "name", "price", "sell_price") VALUES(29, 'Ultima Stone', null, 5);
INSERT INTO item("id", "name", "price", "sell_price") VALUES(30, 'Gysahl Greens', null, 5);
INSERT INTO item("id", "name", "price", "sell_price") VALUES(31, 'Phoenix Pinion', null, 5);
INSERT INTO item("id", "name", "price", "sell_price") VALUES(32, 'Friendship', null, 5);
INSERT INTO item("id", "name", "price", "sell_price") VALUES(33, 'Tent', 1000, 250);
INSERT INTO item("id", "name", "price", "sell_price") VALUES(34, 'Pet House', 1000, 250);
INSERT INTO item("id", "name", "price", "sell_price") VALUES(35, 'Cottage', 1800, 450);
INSERT INTO item("id", "name", "price", "sell_price") VALUES(36, 'G-Potion', 200, 50);
INSERT INTO item("id", "name", "price", "sell_price") VALUES(37, 'G-Hi-Potion', 600, 150);
INSERT INTO item("id", "name", "price", "sell_price") VALUES(38, 'G-Mega-Potion', null, 250);
INSERT INTO item("id", "name", "price", "sell_price") VALUES(39, 'G-Returner', 500, 125);
INSERT INTO item("id", "name", "price", "sell_price") VALUES(40, 'Rename Card', null, 25);
INSERT INTO item("id", "name", "price", "sell_price") VALUES(41, 'Amnesia Greens', 1000, 250);
INSERT INTO item("id", "name", "price", "sell_price") VALUES(42, 'HP-J Scroll', 10000, 2500);
INSERT INTO item("id", "name", "price", "sell_price") VALUES(43, 'Str-J Scroll', 10000, 2500);
INSERT INTO item("id", "name", "price", "sell_price") VALUES(44, 'Vit-J Scroll', 10000, 2500);
INSERT INTO item("id", "name", "price", "sell_price") VALUES(45, 'Mag-J Scroll', 10000, 2500);
INSERT INTO item("id", "name", "price", "sell_price") VALUES(46, 'Spr-J Scroll', 10000, 2500);
INSERT INTO item("id", "name", "price", "sell_price") VALUES(47, 'Spd-J Scroll', null, 12500);
INSERT INTO item("id", "name", "price", "sell_price") VALUES(48, 'Luck-J Scroll', null, 12500);
INSERT INTO item("id", "name", "price", "sell_price") VALUES(49, 'Aegis Shield', null, 12500);
INSERT INTO item("id", "name", "price", "sell_price") VALUES(50, 'Elem Atk', null, 12500);
INSERT INTO item("id", "name", "price", "sell_price") VALUES(51, 'Elem Guard', null, 12500);
INSERT INTO item("id", "name", "price", "sell_price") VALUES(52, 'Status Atk', null, 12500);
INSERT INTO item("id", "name", "price", "sell_price") VALUES(53, 'Status Guard', null, 12500);
INSERT INTO item("id", "name", "price", "sell_price") VALUES(54, 'Rosetta Stone', null, 12500);
INSERT INTO item("id", "name", "price", "sell_price") VALUES(55, 'Magic Scroll', 5000, 1250);
INSERT INTO item("id", "name", "price", "sell_price") VALUES(56, 'GF Scroll', 5000, 1250);
INSERT INTO item("id", "name", "price", "sell_price") VALUES(57, 'Draw Scroll', 5000, 1250);
INSERT INTO item("id", "name", "price", "sell_price") VALUES(58, 'Item Scroll', 5000, 1250);
INSERT INTO item("id", "name", "price", "sell_price") VALUES(59, 'Gambler Spirit', null, 1250);
INSERT INTO item("id", "name", "price", "sell_price") VALUES(60, 'Healing Ring', null, 2500);
INSERT INTO item("id", "name", "price", "sell_price") VALUES(61, 'Phoenix Spirit', null, 2500);
INSERT INTO item("id", "name", "price", "sell_price") VALUES(62, 'Med Kit', null, 2500);
INSERT INTO item("id", "name", "price", "sell_price") VALUES(63, 'Bomb Spirit', null, 5000);
INSERT INTO item("id", "name", "price", "sell_price") VALUES(64, 'Hungry Cookpot', null, 5000);
INSERT INTO item("id", "name", "price", "sell_price") VALUES(65, 'Mog''s Amulet', null, 1250);
INSERT INTO item("id", "name", "price", "sell_price") VALUES(66, 'Steel Pipe', null, 75);
INSERT INTO item("id", "name", "price", "sell_price") VALUES(67, 'Star Fragment', null, 125);
INSERT INTO item("id", "name", "price", "sell_price") VALUES(68, 'Energy Crystal', null, 250);
INSERT INTO item("id", "name", "price", "sell_price") VALUES(69, 'Samantha Soul', null, 500);
INSERT INTO item("id", "name", "price", "sell_price") VALUES(70, 'Healing Mail', null, 75);
INSERT INTO item("id", "name", "price", "sell_price") VALUES(71, 'Silver Mail', null, 125);
INSERT INTO item("id", "name", "price", "sell_price") VALUES(72, 'Gold Armor', null, 250);
INSERT INTO item("id", "name", "price", "sell_price") VALUES(73, 'Diamond Armor', null, 500);
INSERT INTO item("id", "name", "price", "sell_price") VALUES(74, 'Regen Ring', null, 75);
INSERT INTO item("id", "name", "price", "sell_price") VALUES(75, 'Giant''s Ring', 20000, 5000);
INSERT INTO item("id", "name", "price", "sell_price") VALUES(76, 'Gaea''s Ring', null, 7500);
INSERT INTO item("id", "name", "price", "sell_price") VALUES(77, 'Strength Love', null, 75);
INSERT INTO item("id", "name", "price", "sell_price") VALUES(78, 'Power Wrist', 20000, 5000);
INSERT INTO item("id", "name", "price", "sell_price") VALUES(79, 'Hyper Wrist', null, 7500);
INSERT INTO item("id", "name", "price", "sell_price") VALUES(80, 'Turtle Shell', null, 75);
INSERT INTO item("id", "name", "price", "sell_price") VALUES(81, 'Orihalcon', 20000, 5000);
INSERT INTO item("id", "name", "price", "sell_price") VALUES(82, 'Adamantine', null, 7500);
INSERT INTO item("id", "name", "price", "sell_price") VALUES(83, 'Rune Armlet', null, 75);
INSERT INTO item("id", "name", "price", "sell_price") VALUES(84, 'Force Armlet', 20000, 5000);
INSERT INTO item("id", "name", "price", "sell_price") VALUES(85, 'Magic Armlet', null, 7500);
INSERT INTO item("id", "name", "price", "sell_price") VALUES(86, 'Circlet', null, 75);
INSERT INTO item("id", "name", "price", "sell_price") VALUES(87, 'Hypno Crown', 20000, 5000);
INSERT INTO item("id", "name", "price", "sell_price") VALUES(88, 'Royal Crown', null, 7500);
INSERT INTO item("id", "name", "price", "sell_price") VALUES(89, 'Jet Engine', null, 5000);
INSERT INTO item("id", "name", "price", "sell_price") VALUES(90, 'Rocket Engine', null, 7500);
INSERT INTO item("id", "name", "price", "sell_price") VALUES(91, 'Moon Curtain', null, 10000);
INSERT INTO item("id", "name", "price", "sell_price") VALUES(92, 'Steel Curtain', null, 10000);
INSERT INTO item("id", "name", "price", "sell_price") VALUES(93, 'Glow Curtain', null, 10000);
INSERT INTO item("id", "name", "price", "sell_price") VALUES(94, 'Accelerator', null, 12500);
INSERT INTO item("id", "name", "price", "sell_price") VALUES(95, 'Monk''s Code', null, 12500);
INSERT INTO item("id", "name", "price", "sell_price") VALUES(96, 'Knight''s Code', null, 10000);
INSERT INTO item("id", "name", "price", "sell_price") VALUES(97, 'Doc''s Code', null, 10000);
INSERT INTO item("id", "name", "price", "sell_price") VALUES(98, 'Hundred Needles', null, 10000);
INSERT INTO item("id", "name", "price", "sell_price") VALUES(99, 'Three Stars', null, 12500);
INSERT INTO item("id", "name", "price", "sell_price") VALUES(100, 'Ribbon', null, 25000);
INSERT INTO item("id", "name", "price", "sell_price") VALUES(101, 'Normal Ammo', 20, 1);
INSERT INTO item("id", "name", "price", "sell_price") VALUES(102, 'Shotgun Ammo', 40, 2);
INSERT INTO item("id", "name", "price", "sell_price") VALUES(103, 'Dark Ammo', 300, 15);
INSERT INTO item("id", "name", "price", "sell_price") VALUES(104, 'Fire Ammo', 500, 25);
INSERT INTO item("id", "name", "price", "sell_price") VALUES(105, 'Demolition Ammo', 800, 40);
INSERT INTO item("id", "name", "price", "sell_price") VALUES(106, 'Fast Ammo', 100, 5);
INSERT INTO item("id", "name", "price", "sell_price") VALUES(107, 'AP Ammo', null, 50);
INSERT INTO item("id", "name", "price", "sell_price") VALUES(108, 'Pulse Ammo', null, 250);
INSERT INTO item("id", "name", "price", "sell_price") VALUES(109, 'M-Stone Piece', null, 5);
INSERT INTO item("id", "name", "price", "sell_price") VALUES(110, 'Magic Stone', null, 12);
INSERT INTO item("id", "name", "price", "sell_price") VALUES(111, 'Wizard Stone', null, 20);
INSERT INTO item("id", "name", "price", "sell_price") VALUES(112, 'Ochu Tentacle', null, 75);
INSERT INTO item("id", "name", "price", "sell_price") VALUES(113, 'Healing Water', null, 25);
INSERT INTO item("id", "name", "price", "sell_price") VALUES(114, 'Cockatrice Pinion', null, 50);
INSERT INTO item("id", "name", "price", "sell_price") VALUES(115, 'Zombie Powder', null, 50);
INSERT INTO item("id", "name", "price", "sell_price") VALUES(116, 'Lightweight', null, 50);
INSERT INTO item("id", "name", "price", "sell_price") VALUES(117, 'Sharp Spike', null, 50);
INSERT INTO item("id", "name", "price", "sell_price") VALUES(118, 'Screw', null, 25);
INSERT INTO item("id", "name", "price", "sell_price") VALUES(119, 'Saw Blade', null, 50);
INSERT INTO item("id", "name", "price", "sell_price") VALUES(120, 'Mesmerize Blade', null, 50);
INSERT INTO item("id", "name", "price", "sell_price") VALUES(121, 'Vampire Fang', null, 50);
INSERT INTO item("id", "name", "price", "sell_price") VALUES(122, 'Fury Fragment', null, 125);
INSERT INTO item("id", "name", "price", "sell_price") VALUES(123, 'Betrayal Sword', null, 50);
INSERT INTO item("id", "name", "price", "sell_price") VALUES(124, 'Sleep Powder', null, 50);
INSERT INTO item("id", "name", "price", "sell_price") VALUES(125, 'Life Ring', null, 50);
INSERT INTO item("id", "name", "price", "sell_price") VALUES(126, 'Dragon Fang', null, 50);
INSERT INTO item("id", "name", "price", "sell_price") VALUES(127, 'Spider Web', null, 50);
INSERT INTO item("id", "name", "price", "sell_price") VALUES(128, 'Coral Fragment', null, 75);
INSERT INTO item("id", "name", "price", "sell_price") VALUES(129, 'Curse Spike', null, 75);
INSERT INTO item("id", "name", "price", "sell_price") VALUES(130, 'Black Hole', null, 75);
INSERT INTO item("id", "name", "price", "sell_price") VALUES(131, 'Water Crystal', null, 75);
INSERT INTO item("id", "name", "price", "sell_price") VALUES(132, 'Missile', null, 75);
INSERT INTO item("id", "name", "price", "sell_price") VALUES(133, 'Mystery Fluid', null, 75);
INSERT INTO item("id", "name", "price", "sell_price") VALUES(134, 'Running Fire', null, 75);
INSERT INTO item("id", "name", "price", "sell_price") VALUES(135, 'Inferno Fang', null, 75);
INSERT INTO item("id", "name", "price", "sell_price") VALUES(136, 'Malboro Tentacle', null, 100);
INSERT INTO item("id", "name", "price", "sell_price") VALUES(137, 'Whisper', null, 100);
INSERT INTO item("id", "name", "price", "sell_price") VALUES(138, 'Laser Cannon', null, 125);
INSERT INTO item("id", "name", "price", "sell_price") VALUES(139, 'Barrier', null, 125);
INSERT INTO item("id", "name", "price", "sell_price") VALUES(140, 'Power Generator', null, 200);
INSERT INTO item("id", "name", "price", "sell_price") VALUES(141, 'Dark Matter', null, 250);
INSERT INTO item("id", "name", "price", "sell_price") VALUES(142, 'Bomb Fragment', null, 25);
INSERT INTO item("id", "name", "price", "sell_price") VALUES(143, 'Red Fang', null, 75);
INSERT INTO item("id", "name", "price", "sell_price") VALUES(144, 'Arctic Wind', null, 25);
INSERT INTO item("id", "name", "price", "sell_price") VALUES(145, 'North Wind', null, 75);
INSERT INTO item("id", "name", "price", "sell_price") VALUES(146, 'Dynamo Stone', null, 125);
INSERT INTO item("id", "name", "price", "sell_price") VALUES(147, 'Shear Feather', null, 125);
INSERT INTO item("id", "name", "price", "sell_price") VALUES(148, 'Venom Fang', null, 75);
INSERT INTO item("id", "name", "price", "sell_price") VALUES(149, 'Steel Orb', null, 75);
INSERT INTO item("id", "name", "price", "sell_price") VALUES(150, 'Moon Stone', null, 75);
INSERT INTO item("id", "name", "price", "sell_price") VALUES(151, 'Dino Bone', null, 75);
INSERT INTO item("id", "name", "price", "sell_price") VALUES(152, 'Windmill', null, 75);
INSERT INTO item("id", "name", "price", "sell_price") VALUES(153, 'Dragon Skin', null, 75);
INSERT INTO item("id", "name", "price", "sell_price") VALUES(154, 'Fish Fin', null, 25);
INSERT INTO item("id", "name", "price", "sell_price") VALUES(155, 'Dragon Fin', null, 25);
INSERT INTO item("id", "name", "price", "sell_price") VALUES(156, 'Silence Powder', null, 25);
INSERT INTO item("id", "name", "price", "sell_price") VALUES(157, 'Poison Powder', null, 25);
INSERT INTO item("id", "name", "price", "sell_price") VALUES(158, 'Dead Spirit', null, 75);
INSERT INTO item("id", "name", "price", "sell_price") VALUES(159, 'Chef''s Knife', null, 75);
INSERT INTO item("id", "name", "price", "sell_price") VALUES(160, 'Cactus Thorn', null, 75);
INSERT INTO item("id", "name", "price", "sell_price") VALUES(161, 'Shaman Stone', null, 1250);
INSERT INTO item("id", "name", "price", "sell_price") VALUES(162, 'Fuel', 3000, 750);
INSERT INTO item("id", "name", "price", "sell_price") VALUES(163, 'The Girl Next Door', null, 12500);
INSERT INTO item("id", "name", "price", "sell_price") VALUES(164, 'Sorceress'' Letter', null, 125);
INSERT INTO item("id", "name", "price", "sell_price") VALUES(165, 'Chocobo''s Tag', null, 125);
INSERT INTO item("id", "name", "price", "sell_price") VALUES(166, 'Pet Nametag', null, 125);
INSERT INTO item("id", "name", "price", "sell_price") VALUES(167, 'Solomon Ring', null, 125);
INSERT INTO item("id", "name", "price", "sell_price") VALUES(168, 'Magical Lamp', null, 125);
INSERT INTO item("id", "name", "price", "sell_price") VALUES(169, 'HP Up', null, 250);
INSERT INTO item("id", "name", "price", "sell_price") VALUES(170, 'Str Up', null, 250);
INSERT INTO item("id", "name", "price", "sell_price") VALUES(171, 'Vit Up', null, 250);
INSERT INTO item("id", "name", "price", "sell_price") VALUES(172, 'Mag Up', null, 250);
INSERT INTO item("id", "name", "price", "sell_price") VALUES(173, 'Spr Up', null, 250);
INSERT INTO item("id", "name", "price", "sell_price") VALUES(174, 'Spd Up', null, 250);
INSERT INTO item("id", "name", "price", "sell_price") VALUES(175, 'Luck Up', null, 250);
INSERT INTO item("id", "name", "price", "sell_price") VALUES(176, 'LuvLuv G', null, 250);
INSERT INTO item("id", "name", "price", "sell_price") VALUES(177, 'Weapons Mon 1st', 50000, 25000);
INSERT INTO item("id", "name", "price", "sell_price") VALUES(178, 'Weapons Mon Mar', 1000, 500);
INSERT INTO item("id", "name", "price", "sell_price") VALUES(179, 'Weapons Mon Apr', 1000, 500);
INSERT INTO item("id", "name", "price", "sell_price") VALUES(180, 'Weapons Mon May', 1000, 500);
INSERT INTO item("id", "name", "price", "sell_price") VALUES(181, 'Weapons Mon Jun', 1000, 500);
INSERT INTO item("id", "name", "price", "sell_price") VALUES(182, 'Weapons Mon Jul', 1000, 500);
INSERT INTO item("id", "name", "price", "sell_price") VALUES(183, 'Weapons Mon Aug', 1000, 500);
INSERT INTO item("id", "name", "price", "sell_price") VALUES(184, 'Combat King 001', 1000, 500);
INSERT INTO item("id", "name", "price", "sell_price") VALUES(185, 'Combat King 002', 1000, 500);
INSERT INTO item("id", "name", "price", "sell_price") VALUES(186, 'Combat King 003', 1000, 500);
INSERT INTO item("id", "name", "price", "sell_price") VALUES(187, 'Combat King 004', 1000, 500);
INSERT INTO item("id", "name", "price", "sell_price") VALUES(188, 'Combat King 005', 30000, 15000);
INSERT INTO item("id", "name", "price", "sell_price") VALUES(189, 'Pet Pals Vol. 1', 1000, 500);
INSERT INTO item("id", "name", "price", "sell_price") VALUES(190, 'Pet Pals Vol. 2', 1000, 500);
INSERT INTO item("id", "name", "price", "sell_price") VALUES(191, 'Pet Pals Vol. 3', 1000, 500);
INSERT INTO item("id", "name", "price", "sell_price") VALUES(192, 'Pet Pals Vol. 4', 1000, 500);
INSERT INTO item("id", "name", "price", "sell_price") VALUES(193, 'Pet Pals Vol. 5', 1000, 500);
INSERT INTO item("id", "name", "price", "sell_price") VALUES(194, 'Pet Pals Vol. 6', 1000, 500);
INSERT INTO item("id", "name", "price", "sell_price") VALUES(195, 'Occult Fan I', 35000, 17500);
INSERT INTO item("id", "name", "price", "sell_price") VALUES(196, 'Occult Fan II', 35000, 17500);
INSERT INTO item("id", "name", "price", "sell_price") VALUES(197, 'Occult Fan III', null, 17500);
INSERT INTO item("id", "name", "price", "sell_price") VALUES(198, 'Occult Fan IV', null, 20000);


-- weapon

INSERT INTO weapon("id", "name", "str", "hit") VALUES(0, 'Revolver', 11, 255);
INSERT INTO weapon("id", "name", "str", "hit") VALUES(1, 'Shear Trigger', 14, 255);
INSERT INTO weapon("id", "name", "str", "hit") VALUES(2, 'Cutting Trigger', 18, 255);
INSERT INTO weapon("id", "name", "str", "hit") VALUES(3, 'Flame Saber', 20, 255);
INSERT INTO weapon("id", "name", "str", "hit") VALUES(4, 'Twin Lance', 22, 255);
INSERT INTO weapon("id", "name", "str", "hit") VALUES(5, 'Punishment', 24, 255);
INSERT INTO weapon("id", "name", "str", "hit") VALUES(6, 'Lion Heart', 30, 255);
INSERT INTO weapon("id", "name", "str", "hit") VALUES(7, 'Metal Knuckle', 12, 98);
INSERT INTO weapon("id", "name", "str", "hit") VALUES(8, 'Maverick', 15, 99);
INSERT INTO weapon("id", "name", "str", "hit") VALUES(9, 'Gauntlet', 20, 101);
INSERT INTO weapon("id", "name", "str", "hit") VALUES(10, 'Ehrgeiz', 25, 103);
INSERT INTO weapon("id", "name", "str", "hit") VALUES(11, 'Valiant', 12, 105);
INSERT INTO weapon("id", "name", "str", "hit") VALUES(12, 'Ulysses', 15, 108);
INSERT INTO weapon("id", "name", "str", "hit") VALUES(13, 'Bismarck', 20, 110);
INSERT INTO weapon("id", "name", "str", "hit") VALUES(14, 'Exeter', 25, 115);
INSERT INTO weapon("id", "name", "str", "hit") VALUES(15, 'Chain Whip', 12, 103);
INSERT INTO weapon("id", "name", "str", "hit") VALUES(16, 'Slaying Tail', 15, 104);
INSERT INTO weapon("id", "name", "str", "hit") VALUES(17, 'Red Scorpion', 20, 105);
INSERT INTO weapon("id", "name", "str", "hit") VALUES(18, 'Save the Queen', 25, 107);
INSERT INTO weapon("id", "name", "str", "hit") VALUES(19, 'Pinwheel', 11, 99);
INSERT INTO weapon("id", "name", "str", "hit") VALUES(20, 'Valkyrie', 14, 101);
INSERT INTO weapon("id", "name", "str", "hit") VALUES(21, 'Rising Sun', 18, 103);
INSERT INTO weapon("id", "name", "str", "hit") VALUES(22, 'Cardinal', 24, 104);
INSERT INTO weapon("id", "name", "str", "hit") VALUES(23, 'Shooting Star', 28, 107);
INSERT INTO weapon("id", "name", "str", "hit") VALUES(24, 'Flail', 12, 98);
INSERT INTO weapon("id", "name", "str", "hit") VALUES(25, 'Morning Star', 15, 99);
INSERT INTO weapon("id", "name", "str", "hit") VALUES(26, 'Crescent Wish', 20, 100);
INSERT INTO weapon("id", "name", "str", "hit") VALUES(27, 'Strange Vision', 25, 255);
INSERT INTO weapon("id", "name", "str", "hit") VALUES(28, 'Hyperion', 12, 255);
INSERT INTO weapon("id", "name", "str", "hit") VALUES(29, 'None', 20, 97);
INSERT INTO weapon("id", "name", "str", "hit") VALUES(30, 'Machine Gun', 14, 103);
INSERT INTO weapon("id", "name", "str", "hit") VALUES(31, 'Katal', 13, 102);
INSERT INTO weapon("id", "name", "str", "hit") VALUES(32, 'Harpoon', 16, 98);


-- weapon_remodel

INSERT INTO weapon_remodel("id", "weapon_id", "price") VALUES(0, 0, 100);
INSERT INTO weapon_remodel("id", "weapon_id", "price") VALUES(1, 1, 200);
INSERT INTO weapon_remodel("id", "weapon_id", "price") VALUES(2, 2, 400);
INSERT INTO weapon_remodel("id", "weapon_id", "price") VALUES(3, 3, 600);
INSERT INTO weapon_remodel("id", "weapon_id", "price") VALUES(4, 4, 800);
INSERT INTO weapon_remodel("id", "weapon_id", "price") VALUES(5, 5, 1000);
INSERT INTO weapon_remodel("id", "weapon_id", "price") VALUES(6, 6, 2000);
INSERT INTO weapon_remodel("id", "weapon_id", "price") VALUES(7, 7, 100);
INSERT INTO weapon_remodel("id", "weapon_id", "price") VALUES(8, 8, 200);
INSERT INTO weapon_remodel("id", "weapon_id", "price") VALUES(9, 9, 400);
INSERT INTO weapon_remodel("id", "weapon_id", "price") VALUES(10, 10, 800);
INSERT INTO weapon_remodel("id", "weapon_id", "price") VALUES(11, 11, 100);
INSERT INTO weapon_remodel("id", "weapon_id", "price") VALUES(12, 12, 200);
INSERT INTO weapon_remodel("id", "weapon_id", "price") VALUES(13, 13, 400);
INSERT INTO weapon_remodel("id", "weapon_id", "price") VALUES(14, 14, 800);
INSERT INTO weapon_remodel("id", "weapon_id", "price") VALUES(15, 15, 100);
INSERT INTO weapon_remodel("id", "weapon_id", "price") VALUES(16, 16, 200);
INSERT INTO weapon_remodel("id", "weapon_id", "price") VALUES(17, 17, 400);
INSERT INTO weapon_remodel("id", "weapon_id", "price") VALUES(18, 18, 800);
INSERT INTO weapon_remodel("id", "weapon_id", "price") VALUES(19, 19, 100);
INSERT INTO weapon_remodel("id", "weapon_id", "price") VALUES(20, 20, 200);
INSERT INTO weapon_remodel("id", "weapon_id", "price") VALUES(21, 21, 400);
INSERT INTO weapon_remodel("id", "weapon_id", "price") VALUES(22, 22, 800);
INSERT INTO weapon_remodel("id", "weapon_id", "price") VALUES(23, 23, 1000);
INSERT INTO weapon_remodel("id", "weapon_id", "price") VALUES(24, 24, 100);
INSERT INTO weapon_remodel("id", "weapon_id", "price") VALUES(25, 25, 200);
INSERT INTO weapon_remodel("id", "weapon_id", "price") VALUES(26, 26, 400);
INSERT INTO weapon_remodel("id", "weapon_id", "price") VALUES(27, 27, 800);


-- weapon_material

-- Squall - Revolver
INSERT INTO weapon_material("id", "weapon_id", "item_id", "quantity") VALUES(0, 0, 109, 6);
INSERT INTO weapon_material("id", "weapon_id", "item_id", "quantity") VALUES(1, 0, 118, 2);

-- Squall - Shear Trigger
INSERT INTO weapon_material("id", "weapon_id", "item_id", "quantity") VALUES(2, 1, 66, 1);
INSERT INTO weapon_material("id", "weapon_id", "item_id", "quantity") VALUES(3, 1, 118, 4);

-- Squall - Cutting Trigger
INSERT INTO weapon_material("id", "weapon_id", "item_id", "quantity") VALUES(4, 2, 120, 1);
INSERT INTO weapon_material("id", "weapon_id", "item_id", "quantity") VALUES(5, 2, 118, 8);

-- Squall - Flame Saber
INSERT INTO weapon_material("id", "weapon_id", "item_id", "quantity") VALUES(6, 3, 123, 1);
INSERT INTO weapon_material("id", "weapon_id", "item_id", "quantity") VALUES(7, 3, 80, 1);
INSERT INTO weapon_material("id", "weapon_id", "item_id", "quantity") VALUES(8, 3, 118, 4);

-- Squall - Twin Lance
INSERT INTO weapon_material("id", "weapon_id", "item_id", "quantity") VALUES(9, 4, 151, 1);
INSERT INTO weapon_material("id", "weapon_id", "item_id", "quantity") VALUES(10, 4, 143, 2);
INSERT INTO weapon_material("id", "weapon_id", "item_id", "quantity") VALUES(11, 4, 118, 12);

-- Squall - Punishment
INSERT INTO weapon_material("id", "weapon_id", "item_id", "quantity") VALUES(12, 5, 159, 1);
INSERT INTO weapon_material("id", "weapon_id", "item_id", "quantity") VALUES(13, 5, 67, 2);
INSERT INTO weapon_material("id", "weapon_id", "item_id", "quantity") VALUES(14, 5, 80, 1);
INSERT INTO weapon_material("id", "weapon_id", "item_id", "quantity") VALUES(15, 5, 118, 8);

-- Squall - Lion Heart
INSERT INTO weapon_material("id", "weapon_id", "item_id", "quantity") VALUES(16, 6, 82, 1);
INSERT INTO weapon_material("id", "weapon_id", "item_id", "quantity") VALUES(17, 6, 126, 4);
INSERT INTO weapon_material("id", "weapon_id", "item_id", "quantity") VALUES(18, 6, 108, 12);

-- Zell - Metal Knuckle
INSERT INTO weapon_material("id", "weapon_id", "item_id", "quantity") VALUES(19, 7, 154, 1);
INSERT INTO weapon_material("id", "weapon_id", "item_id", "quantity") VALUES(20, 7, 109, 4);

-- Zell - Maverick
INSERT INTO weapon_material("id", "weapon_id", "item_id", "quantity") VALUES(21, 8, 155, 1);
INSERT INTO weapon_material("id", "weapon_id", "item_id", "quantity") VALUES(22, 8, 127, 1);

-- Zell - Gauntlet
INSERT INTO weapon_material("id", "weapon_id", "item_id", "quantity") VALUES(23, 9, 153, 1);
INSERT INTO weapon_material("id", "weapon_id", "item_id", "quantity") VALUES(24, 9, 122, 1);

-- Zell - Ehrgeiz
INSERT INTO weapon_material("id", "weapon_id", "item_id", "quantity") VALUES(25, 10, 82, 1);
INSERT INTO weapon_material("id", "weapon_id", "item_id", "quantity") VALUES(26, 10, 153, 4);
INSERT INTO weapon_material("id", "weapon_id", "item_id", "quantity") VALUES(27, 10, 122, 1);


-- Irvine - Valiant
INSERT INTO weapon_material("id", "weapon_id", "item_id", "quantity") VALUES(28, 11, 66, 1);
INSERT INTO weapon_material("id", "weapon_id", "item_id", "quantity") VALUES(29, 11, 118, 4);

-- Irvine - Ulysses
INSERT INTO weapon_material("id", "weapon_id", "item_id", "quantity") VALUES(30, 12, 66, 1);
INSERT INTO weapon_material("id", "weapon_id", "item_id", "quantity") VALUES(31, 12, 127, 1);
INSERT INTO weapon_material("id", "weapon_id", "item_id", "quantity") VALUES(32, 12, 118, 2);

-- Irvine - Bismarck
INSERT INTO weapon_material("id", "weapon_id", "item_id", "quantity") VALUES(33, 13, 66, 2);
INSERT INTO weapon_material("id", "weapon_id", "item_id", "quantity") VALUES(34, 13, 146, 4);
INSERT INTO weapon_material("id", "weapon_id", "item_id", "quantity") VALUES(35, 13, 118, 8);

-- Irvine - Exeter
INSERT INTO weapon_material("id", "weapon_id", "item_id", "quantity") VALUES(36, 14, 151, 2);
INSERT INTO weapon_material("id", "weapon_id", "item_id", "quantity") VALUES(37, 14, 150, 1);
INSERT INTO weapon_material("id", "weapon_id", "item_id", "quantity") VALUES(38, 14, 67, 2);
INSERT INTO weapon_material("id", "weapon_id", "item_id", "quantity") VALUES(39, 14, 118, 18);

-- Quistis - Chain Whip
INSERT INTO weapon_material("id", "weapon_id", "item_id", "quantity") VALUES(40, 15, 109, 2);
INSERT INTO weapon_material("id", "weapon_id", "item_id", "quantity") VALUES(41, 15, 127, 1);

-- Quistis - Slaying Tail
INSERT INTO weapon_material("id", "weapon_id", "item_id", "quantity") VALUES(42, 16, 110, 2);
INSERT INTO weapon_material("id", "weapon_id", "item_id", "quantity") VALUES(43, 16, 117, 1);

-- Quistis - Red Scorpion
INSERT INTO weapon_material("id", "weapon_id", "item_id", "quantity") VALUES(44, 17, 112, 2);
INSERT INTO weapon_material("id", "weapon_id", "item_id", "quantity") VALUES(45, 17, 153, 2);

-- Quistis - Save the Queen
INSERT INTO weapon_material("id", "weapon_id", "item_id", "quantity") VALUES(46, 18, 136, 2);
INSERT INTO weapon_material("id", "weapon_id", "item_id", "quantity") VALUES(47, 18, 117, 4);
INSERT INTO weapon_material("id", "weapon_id", "item_id", "quantity") VALUES(48, 18, 68, 4);

-- Rinoa - Pinwheel
INSERT INTO weapon_material("id", "weapon_id", "item_id", "quantity") VALUES(49, 19, 109, 3);

-- Rinoa - Valkyrie
INSERT INTO weapon_material("id", "weapon_id", "item_id", "quantity") VALUES(50, 20, 147, 1);
INSERT INTO weapon_material("id", "weapon_id", "item_id", "quantity") VALUES(51, 20, 110, 1);

-- Rinoa - Rising Sun
INSERT INTO weapon_material("id", "weapon_id", "item_id", "quantity") VALUES(52, 21, 119, 1);
INSERT INTO weapon_material("id", "weapon_id", "item_id", "quantity") VALUES(53, 21, 118, 8);

-- Rinoa - Cardinal
INSERT INTO weapon_material("id", "weapon_id", "item_id", "quantity") VALUES(54, 22, 114, 1);
INSERT INTO weapon_material("id", "weapon_id", "item_id", "quantity") VALUES(55, 22, 120, 1);
INSERT INTO weapon_material("id", "weapon_id", "item_id", "quantity") VALUES(56, 22, 117, 1);

-- Rinoa - Shooting Star
INSERT INTO weapon_material("id", "weapon_id", "item_id", "quantity") VALUES(57, 23, 152, 2);
INSERT INTO weapon_material("id", "weapon_id", "item_id", "quantity") VALUES(58, 23, 82, 1);
INSERT INTO weapon_material("id", "weapon_id", "item_id", "quantity") VALUES(59, 23, 84, 1);
INSERT INTO weapon_material("id", "weapon_id", "item_id", "quantity") VALUES(60, 23, 68, 2);

-- Selphie - Flail
INSERT INTO weapon_material("id", "weapon_id", "item_id", "quantity") VALUES(61, 24, 109, 2);
INSERT INTO weapon_material("id", "weapon_id", "item_id", "quantity") VALUES(62, 24, 127, 1);

-- Selphie - Morning Star
INSERT INTO weapon_material("id", "weapon_id", "item_id", "quantity") VALUES(63, 25, 149, 2);
INSERT INTO weapon_material("id", "weapon_id", "item_id", "quantity") VALUES(64, 25, 117, 2);

-- Selphie - Crescent Wish
INSERT INTO weapon_material("id", "weapon_id", "item_id", "quantity") VALUES(65, 26, 135, 1);
INSERT INTO weapon_material("id", "weapon_id", "item_id", "quantity") VALUES(66, 26, 125, 1);
INSERT INTO weapon_material("id", "weapon_id", "item_id", "quantity") VALUES(67, 26, 117, 4);

-- Selphie - Strange Vision
INSERT INTO weapon_material("id", "weapon_id", "item_id", "quantity") VALUES(68, 27, 82, 1);
INSERT INTO weapon_material("id", "weapon_id", "item_id", "quantity") VALUES(69, 27, 67, 3);
INSERT INTO weapon_material("id", "weapon_id", "item_id", "quantity") VALUES(70, 27, 153, 2);


-- weapon_remodel_materials

-- Squall - Revolver
INSERT INTO weapon_remodel_materials("materials_id", "weapon_remodel_id") VALUES(0, 0);
INSERT INTO weapon_remodel_materials("materials_id", "weapon_remodel_id") VALUES(1, 0);

-- Squall - Shear Trigger
INSERT INTO weapon_remodel_materials("materials_id", "weapon_remodel_id") VALUES(2, 1);
INSERT INTO weapon_remodel_materials("materials_id", "weapon_remodel_id") VALUES(3, 1);

-- Squall - Cutting Trigger
INSERT INTO weapon_remodel_materials("materials_id", "weapon_remodel_id") VALUES(4, 2);
INSERT INTO weapon_remodel_materials("materials_id", "weapon_remodel_id") VALUES(5, 2);

-- Squall - Flame Saber
INSERT INTO weapon_remodel_materials("materials_id", "weapon_remodel_id") VALUES(6, 3);
INSERT INTO weapon_remodel_materials("materials_id", "weapon_remodel_id") VALUES(7, 3);
INSERT INTO weapon_remodel_materials("materials_id", "weapon_remodel_id") VALUES(8, 3);

-- Squall - Twin Lance
INSERT INTO weapon_remodel_materials("materials_id", "weapon_remodel_id") VALUES(9, 4);
INSERT INTO weapon_remodel_materials("materials_id", "weapon_remodel_id") VALUES(10, 4);
INSERT INTO weapon_remodel_materials("materials_id", "weapon_remodel_id") VALUES(11, 4);

-- Squall - Punishment
INSERT INTO weapon_remodel_materials("materials_id", "weapon_remodel_id") VALUES(12, 5);
INSERT INTO weapon_remodel_materials("materials_id", "weapon_remodel_id") VALUES(13, 5);
INSERT INTO weapon_remodel_materials("materials_id", "weapon_remodel_id") VALUES(14, 5);
INSERT INTO weapon_remodel_materials("materials_id", "weapon_remodel_id") VALUES(15, 5);

-- Squall - Lion Heart
INSERT INTO weapon_remodel_materials("materials_id", "weapon_remodel_id") VALUES(16, 6);
INSERT INTO weapon_remodel_materials("materials_id", "weapon_remodel_id") VALUES(17, 6);
INSERT INTO weapon_remodel_materials("materials_id", "weapon_remodel_id") VALUES(18, 6);

-- Zell - Metal Knuckle
INSERT INTO weapon_remodel_materials("materials_id", "weapon_remodel_id") VALUES(19, 7);
INSERT INTO weapon_remodel_materials("materials_id", "weapon_remodel_id") VALUES(20, 7);

-- Zell - Maverick
INSERT INTO weapon_remodel_materials("materials_id", "weapon_remodel_id") VALUES(21, 8);
INSERT INTO weapon_remodel_materials("materials_id", "weapon_remodel_id") VALUES(22, 8);

-- Zell - Gauntlet
INSERT INTO weapon_remodel_materials("materials_id", "weapon_remodel_id") VALUES(23, 9);
INSERT INTO weapon_remodel_materials("materials_id", "weapon_remodel_id") VALUES(24, 9);

-- Zell - Ehrgeiz
INSERT INTO weapon_remodel_materials("materials_id", "weapon_remodel_id") VALUES(25, 10);
INSERT INTO weapon_remodel_materials("materials_id", "weapon_remodel_id") VALUES(26, 10);
INSERT INTO weapon_remodel_materials("materials_id", "weapon_remodel_id") VALUES(27, 10);


-- Irvine - Valiant
INSERT INTO weapon_remodel_materials("materials_id", "weapon_remodel_id") VALUES(28, 11);
INSERT INTO weapon_remodel_materials("materials_id", "weapon_remodel_id") VALUES(29, 11);

-- Irvine - Ulysses
INSERT INTO weapon_remodel_materials("materials_id", "weapon_remodel_id") VALUES(30, 12);
INSERT INTO weapon_remodel_materials("materials_id", "weapon_remodel_id") VALUES(31, 12);
INSERT INTO weapon_remodel_materials("materials_id", "weapon_remodel_id") VALUES(32, 12);

-- Irvine - Bismarck
INSERT INTO weapon_remodel_materials("materials_id", "weapon_remodel_id") VALUES(33, 13);
INSERT INTO weapon_remodel_materials("materials_id", "weapon_remodel_id") VALUES(34, 13);
INSERT INTO weapon_remodel_materials("materials_id", "weapon_remodel_id") VALUES(35, 13);

-- Irvine - Exeter
INSERT INTO weapon_remodel_materials("materials_id", "weapon_remodel_id") VALUES(36, 14);
INSERT INTO weapon_remodel_materials("materials_id", "weapon_remodel_id") VALUES(37, 14);
INSERT INTO weapon_remodel_materials("materials_id", "weapon_remodel_id") VALUES(38, 14);
INSERT INTO weapon_remodel_materials("materials_id", "weapon_remodel_id") VALUES(39, 14);

-- Quistis - Chain Whip
INSERT INTO weapon_remodel_materials("materials_id", "weapon_remodel_id") VALUES(40, 15);
INSERT INTO weapon_remodel_materials("materials_id", "weapon_remodel_id") VALUES(41, 15);

-- Quistis - Slaying Tail
INSERT INTO weapon_remodel_materials("materials_id", "weapon_remodel_id") VALUES(42, 16);
INSERT INTO weapon_remodel_materials("materials_id", "weapon_remodel_id") VALUES(43, 16);

-- Quistis - Red Scorpion
INSERT INTO weapon_remodel_materials("materials_id", "weapon_remodel_id") VALUES(44, 17);
INSERT INTO weapon_remodel_materials("materials_id", "weapon_remodel_id") VALUES(45, 17);

-- Quistis - Save the Queen
INSERT INTO weapon_remodel_materials("materials_id", "weapon_remodel_id") VALUES(46, 18);
INSERT INTO weapon_remodel_materials("materials_id", "weapon_remodel_id") VALUES(47, 18);
INSERT INTO weapon_remodel_materials("materials_id", "weapon_remodel_id") VALUES(48, 18);

-- Rinoa - Pinwheel
INSERT INTO weapon_remodel_materials("materials_id", "weapon_remodel_id") VALUES(49, 19);

-- Rinoa - Valkyrie
INSERT INTO weapon_remodel_materials("materials_id", "weapon_remodel_id") VALUES(50, 20);
INSERT INTO weapon_remodel_materials("materials_id", "weapon_remodel_id") VALUES(51, 20);

-- Rinoa - Rising Sun
INSERT INTO weapon_remodel_materials("materials_id", "weapon_remodel_id") VALUES(52, 21);
INSERT INTO weapon_remodel_materials("materials_id", "weapon_remodel_id") VALUES(53, 21);

-- Rinoa - Cardinal
INSERT INTO weapon_remodel_materials("materials_id", "weapon_remodel_id") VALUES(54, 22);
INSERT INTO weapon_remodel_materials("materials_id", "weapon_remodel_id") VALUES(55, 22);
INSERT INTO weapon_remodel_materials("materials_id", "weapon_remodel_id") VALUES(56, 22);

-- Rinoa - Shooting Star
INSERT INTO weapon_remodel_materials("materials_id", "weapon_remodel_id") VALUES(57, 23);
INSERT INTO weapon_remodel_materials("materials_id", "weapon_remodel_id") VALUES(58, 23);
INSERT INTO weapon_remodel_materials("materials_id", "weapon_remodel_id") VALUES(59, 23);
INSERT INTO weapon_remodel_materials("materials_id", "weapon_remodel_id") VALUES(60, 23);

-- Selphie - Flail
INSERT INTO weapon_remodel_materials("materials_id", "weapon_remodel_id") VALUES(61, 24);
INSERT INTO weapon_remodel_materials("materials_id", "weapon_remodel_id") VALUES(62, 24);

-- Selphie - Morning Star
INSERT INTO weapon_remodel_materials("materials_id", "weapon_remodel_id") VALUES(63, 25);
INSERT INTO weapon_remodel_materials("materials_id", "weapon_remodel_id") VALUES(64, 25);

-- Selphie - Crescent Wish
INSERT INTO weapon_remodel_materials("materials_id", "weapon_remodel_id") VALUES(65, 26);
INSERT INTO weapon_remodel_materials("materials_id", "weapon_remodel_id") VALUES(66, 26);
INSERT INTO weapon_remodel_materials("materials_id", "weapon_remodel_id") VALUES(67, 26);

-- Selphie - Strange Vision
INSERT INTO weapon_remodel_materials("materials_id", "weapon_remodel_id") VALUES(68, 27);
INSERT INTO weapon_remodel_materials("materials_id", "weapon_remodel_id") VALUES(69, 27);
INSERT INTO weapon_remodel_materials("materials_id", "weapon_remodel_id") VALUES(70, 27);
